"section","key","value"
"contact","email","contact@makeba-shop.cm"
"contact","phone","+237 6 90 00 00 00"
"contact","address","Douala, Cameroun"
"contact","whatsapp","+237 6 90 00 00 00"
"contact","whatsapp_group","https://chat.whatsapp.com/exemplemakeba"
"contact","instagram","https://instagram.com/makeba_shop"
"contact","facebook","https://facebook.com/makebashop"
"contact","tiktok","https://tiktok.com/@makeba_shop"
"contact","default_details","Des matières soigneusement sélectionnées|Une confection pensée pour durer"
"contact","default_shipping_info","Livraison à Douala et expédition dans tout le Cameroun.|Retours sous 7 jours avec l’étiquette d’origine."
"highlight","NEW","Robe Midi Aïcha|Ensemble Kora|Sac Nola"
"highlight","POPULAR","Blouse Amaya|Pantalon Zuri|Foulard Lami"
"highlight","FEATURED","Robe Longue Sira|Ensemble Talia|Boucles Adama"
