"name","description","details","shipping_info","is_active","categories","sku","price","stock_quantity","size","color"
"Robe Midi Aïcha","Robe midi fluide à la coupe élégante, parfaite du bureau au dîner.","Tissu fluide|Coupe midi|Fermeture zippée au dos","Livraison sous 2 à 4 jours ouvrés.","true","Robes","RMA-NOIR-S","39500","8","S","#111827"
"Robe Midi Aïcha","Robe midi fluide à la coupe élégante, parfaite du bureau au dîner.","Tissu fluide|Coupe midi|Fermeture zippée au dos","Livraison sous 2 à 4 jours ouvrés.","true","Robes","RMA-NOIR-M","39500","12","M","#111827"
"Robe Midi Aïcha","Robe midi fluide à la coupe élégante, parfaite du bureau au dîner.","Tissu fluide|Coupe midi|Fermeture zippée au dos","Livraison sous 2 à 4 jours ouvrés.","true","Robes","RMA-ROUGE-M","39500","6","M","#B91C1C"
"Robe Portefeuille Naya","Robe portefeuille ajustable avec ceinture à nouer.","Décolleté cache-cœur|Ceinture amovible|Manches courtes","Livraison sous 2 à 4 jours ouvrés.","true","Robes","RPN-VERT-S","42500","7","S","#047857"
"Robe Portefeuille Naya","Robe portefeuille ajustable avec ceinture à nouer.","Décolleté cache-cœur|Ceinture amovible|Manches courtes","Livraison sous 2 à 4 jours ouvrés.","true","Robes","RPN-VERT-M","42500","10","M","#047857"
"Robe Longue Sira","Robe longue imprimée avec une silhouette légère et féminine.","Imprimé exclusif|Taille marquée|Doublure légère","Livraison sous 2 à 4 jours ouvrés.","true","Robes","RLS-ORANGE-M","52000","5","M","#EA580C"
"Ensemble Kora","Blazer droit et pantalon taille haute dans un tissu texturé.","Deux pièces|Pantalon doublé|Poches latérales","Livraison sous 2 à 4 jours ouvrés.","true","Ensembles","ENK-BEIGE-S","75000","4","S","#D6C1A5"
"Ensemble Kora","Blazer droit et pantalon taille haute dans un tissu texturé.","Deux pièces|Pantalon doublé|Poches latérales","Livraison sous 2 à 4 jours ouvrés.","true","Ensembles","ENK-BEIGE-M","75000","9","M","#D6C1A5"
"Ensemble Talia","Top croisé et jupe midi assortie pour une tenue lumineuse.","Deux pièces|Jupe fendue|Taille élastiquée","Livraison sous 2 à 4 jours ouvrés.","true","Ensembles","ENT-BLEU-M","63500","6","M","#1D4ED8"
"Ensemble Talia","Top croisé et jupe midi assortie pour une tenue lumineuse.","Deux pièces|Jupe fendue|Taille élastiquée","Livraison sous 2 à 4 jours ouvrés.","true","Ensembles","ENT-BLEU-L","63500","5","L","#1D4ED8"
"Blouse Amaya","Blouse légère à col lavallière et manches légèrement bouffantes.","Col lavallière|Manches longues|Finition satinée","Livraison sous 2 à 4 jours ouvrés.","true","Hauts","BLA-IVOIRE-S","28500","10","S","#FFFFF0"
"Blouse Amaya","Blouse légère à col lavallière et manches légèrement bouffantes.","Col lavallière|Manches longues|Finition satinée","Livraison sous 2 à 4 jours ouvrés.","true","Hauts","BLA-IVOIRE-M","28500","14","M","#FFFFF0"
"Chemise Kemi","Chemise ample en coton doux avec col classique.","100% coton|Coupe ample|Poignets boutonnés","Livraison sous 2 à 4 jours ouvrés.","true","Hauts","CHK-BLANC-M","25000","12","M","#FFFFFF"
"Top Nia","Top ajusté sans manches à porter seul ou sous une veste.","Maille côtelée|Sans manches|Coupe ajustée","Livraison sous 2 à 4 jours ouvrés.","true","Hauts","TPN-MARRON-S","18500","15","S","#78350F"
"Pantalon Zuri","Pantalon palazzo taille haute au tombé fluide.","Taille haute|Jambes larges|Poches italiennes","Livraison sous 2 à 4 jours ouvrés.","true","Bas","PAZ-NOIR-M","36000","10","M","#111827"
"Pantalon Zuri","Pantalon palazzo taille haute au tombé fluide.","Taille haute|Jambes larges|Poches italiennes","Livraison sous 2 à 4 jours ouvrés.","true","Bas","PAZ-NOIR-L","36000","8","L","#111827"
"Jupe Sanaa","Jupe midi plissée avec taille confortable.","Plis permanents|Taille élastiquée|Longueur midi","Livraison sous 2 à 4 jours ouvrés.","true","Bas","JSA-ROSE-S","32000","7","S","#F9A8D4"
"Jupe Sanaa","Jupe midi plissée avec taille confortable.","Plis permanents|Taille élastiquée|Longueur midi","Livraison sous 2 à 4 jours ouvrés.","true","Bas","JSA-ROSE-M","32000","11","M","#F9A8D4"
"Short Imani","Short taille haute structuré pour les journées ensoleillées.","Taille haute|Ceinture incluse|Poches latérales","Livraison sous 2 à 4 jours ouvrés.","true","Bas","SHI-KAKI-M","24500","9","M","#6B7B45"
"Sac Nola","Sac à main structuré avec bandoulière réglable.","Simili cuir|Bandoulière réglable|Poche intérieure","Livraison sous 2 à 4 jours ouvrés.","true","Accessoires","SAN-CAMEL-U","45000","6","Unique","#C19A6B"
"Ceinture Djeneba","Ceinture fine en cuir pour structurer vos tenues.","Cuir véritable|Boucle dorée|Largeur 2 cm","Livraison sous 2 à 4 jours ouvrés.","true","Accessoires","CED-NOIR-U","14500","20","Unique","#111827"
"Foulard Lami","Foulard doux imprimé à nouer dans les cheveux ou autour du cou.","Format 70 x 70 cm|Toucher satiné|Imprimé coloré","Livraison sous 2 à 4 jours ouvrés.","true","Accessoires","FOL-MULTI-U","12000","18","Unique","#7C3AED"
"Boucles Adama","Boucles d’oreilles dorées aux lignes organiques.","Acier inoxydable|Hypoallergénique|Fermoir poussette","Livraison sous 2 à 4 jours ouvrés.","true","Accessoires","BOA-OR-U","16500","16","Unique","#D4AF37"
